episode,reward
0,0.9773333
1,0.96033335
2,0.9661333
3,0.4391515
4,0.4467692
5,0.44688886
6,0.473
