episode,reward
0,0.9993333
1,0.95533335
