episode,reward
0,0.9773333
1,0.96033335
2,0.9501111
3,0.62677777
4,0.6954583
5,0.724037
6,0.6859298
