episode,reward
0,0.9773333
1,0.96826667
2,0.96380955
3,0.55247617
4,0.55247617
5,0.5413333
6,0.5632333
